Success,112644429 account created,21-06-2019 14:35:54
Success,112644430 account created,21-06-2019 14:38:35
Success,112644431 account created,21-06-2019 14:41:28
Success,112644432 account created,21-06-2019 14:46:18
Success,112644433 account created,21-06-2019 14:46:57
Success,112644434 account created,21-06-2019 15:32:33
Success,Account 112644434 closed,21-06-2019 15:33:54
Success,Account 112644434 modified,21-06-2019 15:34:21
Success,112644435 account created,21-06-2019 15:36:58
Success,Account 112644435 modified,21-06-2019 15:37:29
Success,Account 112644435 closed,21-06-2019 15:37:58
Success,112644436 account created,21-06-2019 18:41:35
Success,112644437 account created,21-06-2019 18:42:59
Success,Account 1 modified,21-06-2019 18:50:37
Success,112644438 account created,21-06-2019 18:54:22
Success,Account 1 modified,21-06-2019 18:54:55
Success,Account 1 closed,21-06-2019 18:57:34
Success,Account 112644430 closed,21-06-2019 18:58:33
Success,Account 112644432 closed,21-06-2019 19:00:34
Success,Account 112644432 closed,21-06-2019 19:05:24
Success,Account 112644433 closed,21-06-2019 19:09:13
Success,Account 112644429 closed,21-06-2019 19:17:21
Success,Account 112644429 closed,21-06-2019 19:23:55
Success,Account 112644429 closed,21-06-2019 19:28:53
Success,Account 112644433 closed,21-06-2019 19:32:59
Success,Account 112644437 closed,21-06-2019 19:39:08
Success,Account 112644436 modified,21-06-2019 19:41:03
Success,Account 112644436 modified,21-06-2019 19:41:57
Success,112644439 account created,21-06-2019 20:16:28
Success,112644440 account created,21-06-2019 20:17:04
Success,112644441 account created,21-06-2019 20:17:34
Success,Account 112644440 modified,21-06-2019 20:57:01
Success,112644442 account created,21-06-2019 21:00:34
Success,Account 1 modified,21-06-2019 21:01:20
